project_id,deployment_id,image_id,filename,location,is_blank,identified_by,wi_taxon_id,class,order,family,genus,species,common_name,uncertainty,timestamp,number_of_objects,age,sex,animal_recognizable,individual_id,individual_animal_notes,behavior,highlighted,markings,cv_confidence,license
2006900,DCT_GUBICA_GUBICA2,ae1708ea-99cf-4ece-85b4-74cf69364029,10240011.JPG,gs://145625598251_2006900_944_grupo_gubica__main/deployment/2265864/prod/directUpload/ae1708ea-99cf-4ece-85b4-74cf69364029.JPG,0,Grupo Guardianes de la Biodiversidad Campoalegruna GUBICA,f2d233e3-80e3-433d-9687-e29ecc7a467a,Mammalia,,,,,Mammal,,2023-10-24 15:17:49,1,,,,,,,false,,,CC-BY-NC
2006900,DCT_GUBICA_GUBICA4,4fbd4192-92f3-43a3-915e-0a18fa3d6ba3,10260013.JPG,gs://145625598251_2006900_944_grupo_gubica__main/deployment/2265867/prod/directUpload/4fbd4192-92f3-43a3-915e-0a18fa3d6ba3.JPG,0,Grupo Guardianes de la Biodiversidad Campoalegruna GUBICA,9c564562-9429-405c-8529-04cff7752282,Mammalia,Carnivora,Felidae,Puma,concolor,Puma,,2023-10-26 17:58:09,1,,,,,,,false,,,CC-BY-NC
2006900,DCT_GUBICA_GUBICA4,1b6e9f29-0540-4865-8e2f-9a5f65e7ec25,10260014.JPG,gs://145625598251_2006900_944_grupo_gubica__main/deployment/2265867/prod/directUpload/1b6e9f29-0540-4865-8e2f-9a5f65e7ec25.JPG,0,Grupo Guardianes de la Biodiversidad Campoalegruna GUBICA,9c564562-9429-405c-8529-04cff7752282,Mammalia,Carnivora,Felidae,Puma,concolor,Puma,,2023-10-26 17:58:10,1,,,,,,,false,,,CC-BY-NC
2006900,DCT_GUBICA_GUBICA2,ed2ceef4-f8dd-497a-ae36-819bbce09df4,10280037.JPG,gs://145625598251_2006900_944_grupo_gubica__main/deployment/2265864/prod/directUpload/ed2ceef4-f8dd-497a-ae36-819bbce09df4.JPG,0,Grupo Guardianes de la Biodiversidad Campoalegruna GUBICA,527c9d88-4d7d-4406-add9-c0a823697926,Mammalia,Rodentia,Dasyproctidae,Dasyprocta,punctata,Central American Agouti,,2023-10-28 05:31:47,1,,,,,,,false,,,CC-BY-NC
2006900,DCT_GUBICA_GUBICA2,ed2ceef4-f8dd-497a-ae36-819bbce09df4,10280037.JPG,gs://145625598251_2006900_944_grupo_gubica__main/deployment/2265864/prod/directUpload/ed2ceef4-f8dd-497a-ae36-819bbce09df4.JPG,0,Grupo Guardianes de la Biodiversidad Campoalegruna GUBICA,f2d233e3-80e3-433d-9687-e29ecc7a467a,Mammalia,,,,,Mammal,,2023-10-28 05:31:47,1,,,,,,,false,,,CC-BY-NC
2006900,DCT_GUBICA_GUBICA2,4e35ec9e-4a5a-44e6-9ed0-dbc07fed90ef,10280038.JPG,gs://145625598251_2006900_944_grupo_gubica__main/deployment/2265864/prod/directUpload/4e35ec9e-4a5a-44e6-9ed0-dbc07fed90ef.JPG,0,Grupo Guardianes de la Biodiversidad Campoalegruna GUBICA,527c9d88-4d7d-4406-add9-c0a823697926,Mammalia,Rodentia,Dasyproctidae,Dasyprocta,punctata,Central American Agouti,,2023-10-28 05:31:48,1,,,,,,,false,,,CC-BY-NC
2006900,DCT_GUBICA_GUBICA2,4e35ec9e-4a5a-44e6-9ed0-dbc07fed90ef,10280038.JPG,gs://145625598251_2006900_944_grupo_gubica__main/deployment/2265864/prod/directUpload/4e35ec9e-4a5a-44e6-9ed0-dbc07fed90ef.JPG,0,Grupo Guardianes de la Biodiversidad Campoalegruna GUBICA,eeeb5d26-2a47-4d01-a3de-10b33ec0aee4,Mammalia,Carnivora,,,,Carnivorous Mammal,,2023-10-28 05:31:48,1,,,,,,,false,,,CC-BY-NC
2006900,DCT_GUBICA_GUBICA2,bc43dfe1-91ac-47f7-9c7d-a3192e2c2ac8,10280039.JPG,gs://145625598251_2006900_944_grupo_gubica__main/deployment/2265864/prod/directUpload/bc43dfe1-91ac-47f7-9c7d-a3192e2c2ac8.JPG,0,Grupo Guardianes de la Biodiversidad Campoalegruna GUBICA,527c9d88-4d7d-4406-add9-c0a823697926,Mammalia,Rodentia,Dasyproctidae,Dasyprocta,punctata,Central American Agouti,,2023-10-28 05:31:49,1,,,,,,,false,,,CC-BY-NC
2006900,DCT_GUBICA_GUBICA2,bc43dfe1-91ac-47f7-9c7d-a3192e2c2ac8,10280039.JPG,gs://145625598251_2006900_944_grupo_gubica__main/deployment/2265864/prod/directUpload/bc43dfe1-91ac-47f7-9c7d-a3192e2c2ac8.JPG,0,Grupo Guardianes de la Biodiversidad Campoalegruna GUBICA,f2d233e3-80e3-433d-9687-e29ecc7a467a,Mammalia,,,,,Mammal,,2023-10-28 05:31:49,1,,,,,,,false,,,CC-BY-NC
2006900,DCT_GUBICA_GUBICA2,30bb3b57-1461-42a3-9eef-a4d1420a7dc7,10280041.JPG,gs://145625598251_2006900_944_grupo_gubica__main/deployment/2265864/prod/directUpload/30bb3b57-1461-42a3-9eef-a4d1420a7dc7.JPG,0,Grupo Guardianes de la Biodiversidad Campoalegruna GUBICA,527c9d88-4d7d-4406-add9-c0a823697926,Mammalia,Rodentia,Dasyproctidae,Dasyprocta,punctata,Central American Agouti,,2023-10-28 05:32:12,1,,,,,,,false,,,CC-BY-NC
2006900,DCT_GUBICA_GUBICA2,30bb3b57-1461-42a3-9eef-a4d1420a7dc7,10280041.JPG,gs://145625598251_2006900_944_grupo_gubica__main/deployment/2265864/prod/directUpload/30bb3b57-1461-42a3-9eef-a4d1420a7dc7.JPG,0,Grupo Guardianes de la Biodiversidad Campoalegruna GUBICA,f2d233e3-80e3-433d-9687-e29ecc7a467a,Mammalia,,,,,Mammal,,2023-10-28 05:32:12,1,,,,,,,false,,,CC-BY-NC
2006900,DCT_GUBICA_GUBICA2,fece11d6-8af1-4e97-91c3-c2267b56e2fb,10280042.JPG,gs://145625598251_2006900_944_grupo_gubica__main/deployment/2265864/prod/directUpload/fece11d6-8af1-4e97-91c3-c2267b56e2fb.JPG,0,Grupo Guardianes de la Biodiversidad Campoalegruna GUBICA,527c9d88-4d7d-4406-add9-c0a823697926,Mammalia,Rodentia,Dasyproctidae,Dasyprocta,punctata,Central American Agouti,,2023-10-28 05:32:13,1,,,,,,,false,,,CC-BY-NC
2006900,DCT_GUBICA_GUBICA2,fece11d6-8af1-4e97-91c3-c2267b56e2fb,10280042.JPG,gs://145625598251_2006900_944_grupo_gubica__main/deployment/2265864/prod/directUpload/fece11d6-8af1-4e97-91c3-c2267b56e2fb.JPG,0,Grupo Guardianes de la Biodiversidad Campoalegruna GUBICA,f2efdae9-efb8-48fb-8a91-eccf79ab4ffb,No CV Result,No CV Result,No CV Result,No CV Result,No CV Result,No CV Result,,2023-10-28 05:32:13,1,,,,,,,false,,,CC-BY-NC
2006900,DCT_GUBICA_GUBICA2,0addf8df-ae25-4acf-b979-3a0760c3cb03,10280043.JPG,gs://145625598251_2006900_944_grupo_gubica__main/deployment/2265864/prod/directUpload/0addf8df-ae25-4acf-b979-3a0760c3cb03.JPG,0,Grupo Guardianes de la Biodiversidad Campoalegruna GUBICA,527c9d88-4d7d-4406-add9-c0a823697926,Mammalia,Rodentia,Dasyproctidae,Dasyprocta,punctata,Central American Agouti,,2023-10-28 05:32:14,1,,,,,,,false,,,CC-BY-NC
2006900,DCT_GUBICA_GUBICA2,0addf8df-ae25-4acf-b979-3a0760c3cb03,10280043.JPG,gs://145625598251_2006900_944_grupo_gubica__main/deployment/2265864/prod/directUpload/0addf8df-ae25-4acf-b979-3a0760c3cb03.JPG,0,Grupo Guardianes de la Biodiversidad Campoalegruna GUBICA,f2efdae9-efb8-48fb-8a91-eccf79ab4ffb,No CV Result,No CV Result,No CV Result,No CV Result,No CV Result,No CV Result,,2023-10-28 05:32:14,1,,,,,,,false,,,CC-BY-NC
2006900,DCT_GUBICA_GUBICA2,1d963b9c-e3d8-4f06-a4e5-8d321f2b98f9,11090321.JPG,gs://145625598251_2006900_944_grupo_gubica__main/deployment/2265864/prod/directUpload/1d963b9c-e3d8-4f06-a4e5-8d321f2b98f9.JPG,0,Grupo Guardianes de la Biodiversidad Campoalegruna GUBICA,1f689929-883d-4dae-958c-3d57ab5b6c16,,,,,,Animal,,2023-11-09 17:16:53,1,,,,,,,false,,,CC-BY-NC
2006900,DCT_GUBICA_GUBICA2,1d963b9c-e3d8-4f06-a4e5-8d321f2b98f9,11090321.JPG,gs://145625598251_2006900_944_grupo_gubica__main/deployment/2265864/prod/directUpload/1d963b9c-e3d8-4f06-a4e5-8d321f2b98f9.JPG,0,Grupo Guardianes de la Biodiversidad Campoalegruna GUBICA,527c9d88-4d7d-4406-add9-c0a823697926,Mammalia,Rodentia,Dasyproctidae,Dasyprocta,punctata,Central American Agouti,,2023-11-09 17:16:53,1,,,,,,,false,,,CC-BY-NC
2006900,DCT_GUBICA_GUBICA2,5b77bc0c-8bae-486d-b22e-1d02f67e801f,11090322.JPG,gs://145625598251_2006900_944_grupo_gubica__main/deployment/2265864/prod/directUpload/5b77bc0c-8bae-486d-b22e-1d02f67e801f.JPG,0,Grupo Guardianes de la Biodiversidad Campoalegruna GUBICA,1f689929-883d-4dae-958c-3d57ab5b6c16,,,,,,Animal,,2023-11-09 17:16:54,1,,,,,,,false,,,CC-BY-NC
2006900,DCT_GUBICA_GUBICA2,5b77bc0c-8bae-486d-b22e-1d02f67e801f,11090322.JPG,gs://145625598251_2006900_944_grupo_gubica__main/deployment/2265864/prod/directUpload/5b77bc0c-8bae-486d-b22e-1d02f67e801f.JPG,0,Grupo Guardianes de la Biodiversidad Campoalegruna GUBICA,527c9d88-4d7d-4406-add9-c0a823697926,Mammalia,Rodentia,Dasyproctidae,Dasyprocta,punctata,Central American Agouti,,2023-11-09 17:16:54,1,,,,,,,false,,,CC-BY-NC
2006900,DCT_GUBICA_GUBICA2,2ebbe491-7eda-4dcd-8773-14c5dfcf1786,11120369.JPG,gs://145625598251_2006900_944_grupo_gubica__main/deployment/2265864/prod/directUpload/2ebbe491-7eda-4dcd-8773-14c5dfcf1786.JPG,0,Grupo Guardianes de la Biodiversidad Campoalegruna GUBICA,527c9d88-4d7d-4406-add9-c0a823697926,Mammalia,Rodentia,Dasyproctidae,Dasyprocta,punctata,Central American Agouti,,2023-11-12 19:21:54,1,,,,,,,false,,,CC-BY-NC
2006900,DCT_GUBICA_GUBICA2,9d4be45e-0411-4751-b3e8-6f67795c75b5,11120370.JPG,gs://145625598251_2006900_944_grupo_gubica__main/deployment/2265864/prod/directUpload/9d4be45e-0411-4751-b3e8-6f67795c75b5.JPG,0,Grupo Guardianes de la Biodiversidad Campoalegruna GUBICA,527c9d88-4d7d-4406-add9-c0a823697926,Mammalia,Rodentia,Dasyproctidae,Dasyprocta,punctata,Central American Agouti,,2023-11-12 19:21:55,1,,,,,,,false,,,CC-BY-NC
2006900,DCT_GUBICA_GUBICA2,de810419-2383-47d1-b4e7-99ba227ca35e,11120371.JPG,gs://145625598251_2006900_944_grupo_gubica__main/deployment/2265864/prod/directUpload/de810419-2383-47d1-b4e7-99ba227ca35e.JPG,0,Grupo Guardianes de la Biodiversidad Campoalegruna GUBICA,527c9d88-4d7d-4406-add9-c0a823697926,Mammalia,Rodentia,Dasyproctidae,Dasyprocta,punctata,Central American Agouti,,2023-11-12 19:21:56,1,,,,,,,false,,,CC-BY-NC
2006900,DCT_GUBICA_GUBICA2,cd0bf11c-bff6-4a8d-83c7-eb471753f1b2,11170469.JPG,gs://145625598251_2006900_944_grupo_gubica__main/deployment/2265864/prod/directUpload/cd0bf11c-bff6-4a8d-83c7-eb471753f1b2.JPG,0,Grupo Guardianes de la Biodiversidad Campoalegruna GUBICA,527c9d88-4d7d-4406-add9-c0a823697926,Mammalia,Rodentia,Dasyproctidae,Dasyprocta,punctata,Central American Agouti,,2023-11-17 17:33:34,1,,,,,,,false,,,CC-BY-NC
2006900,DCT_GUBICA_GUBICA2,6d35c177-4c1d-4d44-b286-7f28f5ad8fc5,11170470.JPG,gs://145625598251_2006900_944_grupo_gubica__main/deployment/2265864/prod/directUpload/6d35c177-4c1d-4d44-b286-7f28f5ad8fc5.JPG,0,Grupo Guardianes de la Biodiversidad Campoalegruna GUBICA,527c9d88-4d7d-4406-add9-c0a823697926,Mammalia,Rodentia,Dasyproctidae,Dasyprocta,punctata,Central American Agouti,,2023-11-17 17:33:34,1,,,,,,,false,,,CC-BY-NC
2006900,DCT_GUBICA_GUBICA2,e5df543d-daaa-49dd-b040-44623e43f33b,11170471.JPG,gs://145625598251_2006900_944_grupo_gubica__main/deployment/2265864/prod/directUpload/e5df543d-daaa-49dd-b040-44623e43f33b.JPG,0,Grupo Guardianes de la Biodiversidad Campoalegruna GUBICA,527c9d88-4d7d-4406-add9-c0a823697926,Mammalia,Rodentia,Dasyproctidae,Dasyprocta,punctata,Central American Agouti,,2023-11-17 17:33:35,1,,,,,,,false,,,CC-BY-NC
2006900,DCT_GUBICA_GUBICA2,dfa3718c-0852-45e0-b1d7-0d3b3e69c829,11200517.JPG,gs://145625598251_2006900_944_grupo_gubica__main/deployment/2265864/prod/directUpload/dfa3718c-0852-45e0-b1d7-0d3b3e69c829.JPG,0,Grupo Guardianes de la Biodiversidad Campoalegruna GUBICA,32c0147f-1967-4644-b107-8133ae1f020a,Mammalia,Rodentia,Cuniculidae,Cuniculus,paca,Spotted Paca,,2023-11-20 19:17:06,1,,,,,,,false,,,CC-BY-NC
2006900,DCT_GUBICA_GUBICA2,dfa3718c-0852-45e0-b1d7-0d3b3e69c829,11200517.JPG,gs://145625598251_2006900_944_grupo_gubica__main/deployment/2265864/prod/directUpload/dfa3718c-0852-45e0-b1d7-0d3b3e69c829.JPG,0,Grupo Guardianes de la Biodiversidad Campoalegruna GUBICA,de7c35cc-387c-486d-bcf6-36b9feddcff7,Mammalia,Carnivora,Viverridae,,,Civet Genet Family,,2023-11-20 19:17:06,1,,,,,,,false,,,CC-BY-NC
2006900,DCT_GUBICA_GUBICA2,e13ac6b6-3ba6-4f84-86da-4426e6cbe56f,11200518.JPG,gs://145625598251_2006900_944_grupo_gubica__main/deployment/2265864/prod/directUpload/e13ac6b6-3ba6-4f84-86da-4426e6cbe56f.JPG,0,Grupo Guardianes de la Biodiversidad Campoalegruna GUBICA,32c0147f-1967-4644-b107-8133ae1f020a,Mammalia,Rodentia,Cuniculidae,Cuniculus,paca,Spotted Paca,,2023-11-20 19:17:06,1,,,,,,,false,,,CC-BY-NC
2006900,DCT_GUBICA_GUBICA2,e13ac6b6-3ba6-4f84-86da-4426e6cbe56f,11200518.JPG,gs://145625598251_2006900_944_grupo_gubica__main/deployment/2265864/prod/directUpload/e13ac6b6-3ba6-4f84-86da-4426e6cbe56f.JPG,0,Grupo Guardianes de la Biodiversidad Campoalegruna GUBICA,f2d233e3-80e3-433d-9687-e29ecc7a467a,Mammalia,,,,,Mammal,,2023-11-20 19:17:06,1,,,,,,,false,,,CC-BY-NC
2006900,DCT_GUBICA_GUBICA2,5d6dc052-c1a3-4ae5-a605-febc9d1ede0b,11200519.JPG,gs://145625598251_2006900_944_grupo_gubica__main/deployment/2265864/prod/directUpload/5d6dc052-c1a3-4ae5-a605-febc9d1ede0b.JPG,0,Grupo Guardianes de la Biodiversidad Campoalegruna GUBICA,32c0147f-1967-4644-b107-8133ae1f020a,Mammalia,Rodentia,Cuniculidae,Cuniculus,paca,Spotted Paca,,2023-11-20 19:17:07,1,,,,,,,false,,,CC-BY-NC
2006900,DCT_GUBICA_GUBICA2,d2c332e7-fe9c-4208-8723-fd27667803c0,11210575.JPG,gs://145625598251_2006900_944_grupo_gubica__main/deployment/2265864/prod/directUpload/d2c332e7-fe9c-4208-8723-fd27667803c0.JPG,0,Grupo Guardianes de la Biodiversidad Campoalegruna GUBICA,e4d1e892-0e4b-475a-a8ac-b5c3502e0d55,Mammalia,Rodentia,Sciuridae,,,Sciuridae Family,,2023-11-21 11:42:20,1,,,,,,,false,,,CC-BY-NC
2006900,DCT_GUBICA_GUBICA4,5a6eb99d-1c01-4805-979d-5d10cbe0f027,10260015.JPG,gs://145625598251_2006900_944_grupo_gubica__main/deployment/2265867/prod/directUpload/5a6eb99d-1c01-4805-979d-5d10cbe0f027.JPG,0,Grupo Guardianes de la Biodiversidad Campoalegruna GUBICA,9c564562-9429-405c-8529-04cff7752282,Mammalia,Carnivora,Felidae,Puma,concolor,Puma,,2023-10-26 17:58:11,1,,,,,,,true,,,CC-BY-NC
2006900,DCT_GUBICA_GUBICA4,52e04461-cf80-4a7b-8139-2232aac7fc16,10260017.JPG,gs://145625598251_2006900_944_grupo_gubica__main/deployment/2265867/prod/directUpload/52e04461-cf80-4a7b-8139-2232aac7fc16.JPG,0,Grupo Guardianes de la Biodiversidad Campoalegruna GUBICA,9c564562-9429-405c-8529-04cff7752282,Mammalia,Carnivora,Felidae,Puma,concolor,Puma,,2023-10-26 17:58:27,1,,,,,,,false,,,CC-BY-NC
2006900,DCT_GUBICA_GUBICA4,e367ff58-6f35-4600-990a-ec01787614e6,10260018.JPG,gs://145625598251_2006900_944_grupo_gubica__main/deployment/2265867/prod/directUpload/e367ff58-6f35-4600-990a-ec01787614e6.JPG,0,Grupo Guardianes de la Biodiversidad Campoalegruna GUBICA,9c564562-9429-405c-8529-04cff7752282,Mammalia,Carnivora,Felidae,Puma,concolor,Puma,,2023-10-26 17:58:28,1,,,,,,,false,,,CC-BY-NC
2006900,DCT_GUBICA_GUBICA4,3aa75975-999e-4f19-8812-b0f0cff4b9d5,10260019.JPG,gs://145625598251_2006900_944_grupo_gubica__main/deployment/2265867/prod/directUpload/3aa75975-999e-4f19-8812-b0f0cff4b9d5.JPG,0,Grupo Guardianes de la Biodiversidad Campoalegruna GUBICA,9c564562-9429-405c-8529-04cff7752282,Mammalia,Carnivora,Felidae,Puma,concolor,Puma,,2023-10-26 17:58:29,1,,,,,,,false,,,CC-BY-NC
2006900,DCT_GUBICA_GUBICA4,f974a77c-1d31-4331-a66a-2154f8313f80,10300021.JPG,gs://145625598251_2006900_944_grupo_gubica__main/deployment/2265867/prod/directUpload/f974a77c-1d31-4331-a66a-2154f8313f80.JPG,0,Grupo Guardianes de la Biodiversidad Campoalegruna GUBICA,1f689929-883d-4dae-958c-3d57ab5b6c16,,,,,,Animal,,2023-10-30 02:41:57,1,,,,,,,false,,,CC-BY-NC
2006900,DCT_GUBICA_GUBICA4,b7795e41-5801-45a4-af86-a0f789750bd9,11030029.JPG,gs://145625598251_2006900_944_grupo_gubica__main/deployment/2265867/prod/directUpload/b7795e41-5801-45a4-af86-a0f789750bd9.JPG,0,Grupo Guardianes de la Biodiversidad Campoalegruna GUBICA,c87344cc-7a17-4502-bbfe-e2062eff8f7d,Aves,Strigiformes,Strigidae,Megascops,,Megascops Species,,2023-11-03 20:32:15,1,,,,,,,false,,,CC-BY-NC
2006900,DCT_GUBICA_GUBICA4,d0925507-0b7d-49f4-a1d7-61f2934508bc,11030030.JPG,gs://145625598251_2006900_944_grupo_gubica__main/deployment/2265867/prod/directUpload/d0925507-0b7d-49f4-a1d7-61f2934508bc.JPG,0,Grupo Guardianes de la Biodiversidad Campoalegruna GUBICA,c87344cc-7a17-4502-bbfe-e2062eff8f7d,Aves,Strigiformes,Strigidae,Megascops,,Megascops Species,,2023-11-03 20:32:16,1,,,,,,,false,,,CC-BY-NC
2006900,DCT_GUBICA_GUBICA4,9da8ccbb-e724-4f01-8aa8-107dbc26ff9b,11030031.JPG,gs://145625598251_2006900_944_grupo_gubica__main/deployment/2265867/prod/directUpload/9da8ccbb-e724-4f01-8aa8-107dbc26ff9b.JPG,0,Grupo Guardianes de la Biodiversidad Campoalegruna GUBICA,c87344cc-7a17-4502-bbfe-e2062eff8f7d,Aves,Strigiformes,Strigidae,Megascops,,Megascops Species,,2023-11-03 20:32:17,1,,,,,,,false,,,CC-BY-NC
2006900,DCT_GUBICA_GUBICA4,7c228903-7553-48b7-a873-80625c59248c,11050033.JPG,gs://145625598251_2006900_944_grupo_gubica__main/deployment/2265867/prod/directUpload/7c228903-7553-48b7-a873-80625c59248c.JPG,0,Grupo Guardianes de la Biodiversidad Campoalegruna GUBICA,d4d080c2-7a07-4101-99a8-6885039986d8,Aves,Struthioniformes,Tinamidae,,,Tinamidae Family,,2023-11-05 08:42:14,1,,,,,,,false,,,CC-BY-NC
2006900,DCT_GUBICA_GUBICA4,24e45e56-d984-47ac-abac-a66be84ce1ac,11050034.JPG,gs://145625598251_2006900_944_grupo_gubica__main/deployment/2265867/prod/directUpload/24e45e56-d984-47ac-abac-a66be84ce1ac.JPG,0,Grupo Guardianes de la Biodiversidad Campoalegruna GUBICA,d4d080c2-7a07-4101-99a8-6885039986d8,Aves,Struthioniformes,Tinamidae,,,Tinamidae Family,,2023-11-05 08:42:15,1,,,,,,,false,,,CC-BY-NC
2006900,DCT_GUBICA_GUBICA4,1315a99b-0a86-401b-b321-5b5a43061f8f,11050035.JPG,gs://145625598251_2006900_944_grupo_gubica__main/deployment/2265867/prod/directUpload/1315a99b-0a86-401b-b321-5b5a43061f8f.JPG,0,Grupo Guardianes de la Biodiversidad Campoalegruna GUBICA,d4d080c2-7a07-4101-99a8-6885039986d8,Aves,Struthioniformes,Tinamidae,,,Tinamidae Family,,2023-11-05 08:42:16,1,,,,,,,false,,,CC-BY-NC
2006900,DCT_GUBICA_GUBICA4,7c6089a5-4f3e-4089-a2f5-1f3496b5b211,11050037.JPG,gs://145625598251_2006900_944_grupo_gubica__main/deployment/2265867/prod/directUpload/7c6089a5-4f3e-4089-a2f5-1f3496b5b211.JPG,0,Grupo Guardianes de la Biodiversidad Campoalegruna GUBICA,1d3bbcaa-f81a-41d9-8904-5cc8a505af32,Mammalia,Carnivora,Procyonidae,Nasua,nasua,South American Coati,,2023-11-05 18:48:49,1,,,,,,,false,,,CC-BY-NC
2006900,DCT_GUBICA_GUBICA4,e01eb329-9434-4c7f-a7cf-4fd6159b2bc6,11050038.JPG,gs://145625598251_2006900_944_grupo_gubica__main/deployment/2265867/prod/directUpload/e01eb329-9434-4c7f-a7cf-4fd6159b2bc6.JPG,0,Grupo Guardianes de la Biodiversidad Campoalegruna GUBICA,1d3bbcaa-f81a-41d9-8904-5cc8a505af32,Mammalia,Carnivora,Procyonidae,Nasua,nasua,South American Coati,,2023-11-05 18:48:50,1,,,,,,,false,,,CC-BY-NC
2006900,DCT_GUBICA_GUBICA4,e59cb3b8-fb71-4387-97c0-7af5e2d081d9,11050039.JPG,gs://145625598251_2006900_944_grupo_gubica__main/deployment/2265867/prod/directUpload/e59cb3b8-fb71-4387-97c0-7af5e2d081d9.JPG,0,Grupo Guardianes de la Biodiversidad Campoalegruna GUBICA,1d3bbcaa-f81a-41d9-8904-5cc8a505af32,Mammalia,Carnivora,Procyonidae,Nasua,nasua,South American Coati,,2023-11-05 18:48:51,1,,,,,,,false,,,CC-BY-NC
2006900,DCT_GUBICA_GUBICA1,1b9c1995-d5ff-49d4-b2ed-7ed7757598ca,10220001.JPG,gs://145625598251_2006900_944_grupo_gubica__main/deployment/2265884/prod/directUpload/1b9c1995-d5ff-49d4-b2ed-7ed7757598ca.JPG,0,Grupo Guardianes de la Biodiversidad Campoalegruna GUBICA,527c9d88-4d7d-4406-add9-c0a823697926,Mammalia,Rodentia,Dasyproctidae,Dasyprocta,punctata,Central American Agouti,,2023-10-22 19:19:17,1,,,,,,,false,,,CC-BY-NC
2006900,DCT_GUBICA_GUBICA1,ee9b7cb2-eca9-41f4-9ccf-dc9bb4586ec4,10220002.JPG,gs://145625598251_2006900_944_grupo_gubica__main/deployment/2265884/prod/directUpload/ee9b7cb2-eca9-41f4-9ccf-dc9bb4586ec4.JPG,0,Grupo Guardianes de la Biodiversidad Campoalegruna GUBICA,527c9d88-4d7d-4406-add9-c0a823697926,Mammalia,Rodentia,Dasyproctidae,Dasyprocta,punctata,Central American Agouti,,2023-10-22 19:19:25,1,,,,,,,false,,,CC-BY-NC
2006900,DCT_GUBICA_GUBICA1,1d51e75b-08cd-4635-ba84-feb408e36bb1,10220003.JPG,gs://145625598251_2006900_944_grupo_gubica__main/deployment/2265884/prod/directUpload/1d51e75b-08cd-4635-ba84-feb408e36bb1.JPG,0,Grupo Guardianes de la Biodiversidad Campoalegruna GUBICA,527c9d88-4d7d-4406-add9-c0a823697926,Mammalia,Rodentia,Dasyproctidae,Dasyprocta,punctata,Central American Agouti,,2023-10-22 19:19:26,1,,,,,,,false,,,CC-BY-NC
2006900,DCT_GUBICA_GUBICA1,0f5401f3-88f6-4102-b92f-ba689e60760c,10240017.JPG,gs://145625598251_2006900_944_grupo_gubica__main/deployment/2265884/prod/directUpload/0f5401f3-88f6-4102-b92f-ba689e60760c.JPG,0,Grupo Guardianes de la Biodiversidad Campoalegruna GUBICA,07843615-e1fc-49d8-9821-fd1d7ff2e773,Mammalia,Cingulata,Dasypodidae,Dasypus,novemcinctus,Nine-banded Armadillo,,2023-10-24 07:50:12,1,,,,,,,false,,,CC-BY-NC
2006900,DCT_GUBICA_GUBICA1,8a7d3a88-f05c-46a6-9430-be7a4edc0bc0,10240018.JPG,gs://145625598251_2006900_944_grupo_gubica__main/deployment/2265884/prod/directUpload/8a7d3a88-f05c-46a6-9430-be7a4edc0bc0.JPG,0,Grupo Guardianes de la Biodiversidad Campoalegruna GUBICA,07843615-e1fc-49d8-9821-fd1d7ff2e773,Mammalia,Cingulata,Dasypodidae,Dasypus,novemcinctus,Nine-banded Armadillo,,2023-10-24 07:50:12,1,,,,,,,false,,,CC-BY-NC
2006900,DCT_GUBICA_GUBICA1,4bb5f8c2-671c-46c4-b39b-acfb61665b0f,10240019.JPG,gs://145625598251_2006900_944_grupo_gubica__main/deployment/2265884/prod/directUpload/4bb5f8c2-671c-46c4-b39b-acfb61665b0f.JPG,0,Grupo Guardianes de la Biodiversidad Campoalegruna GUBICA,07843615-e1fc-49d8-9821-fd1d7ff2e773,Mammalia,Cingulata,Dasypodidae,Dasypus,novemcinctus,Nine-banded Armadillo,,2023-10-24 07:50:13,1,,,,,,,false,,,CC-BY-NC
2006900,DCT_GUBICA_GUBICA1,4e5fca1d-fa90-48a5-9447-698cbe6e4ea3,10250021.JPG,gs://145625598251_2006900_944_grupo_gubica__main/deployment/2265884/prod/directUpload/4e5fca1d-fa90-48a5-9447-698cbe6e4ea3.JPG,0,Grupo Guardianes de la Biodiversidad Campoalegruna GUBICA,07843615-e1fc-49d8-9821-fd1d7ff2e773,Mammalia,Cingulata,Dasypodidae,Dasypus,novemcinctus,Nine-banded Armadillo,,2023-10-25 06:54:28,1,,,,,,,false,,,CC-BY-NC
2006900,DCT_GUBICA_GUBICA1,f9a11139-a4c2-4677-998f-999dd0cbe6ee,10250027.JPG,gs://145625598251_2006900_944_grupo_gubica__main/deployment/2265884/prod/directUpload/f9a11139-a4c2-4677-998f-999dd0cbe6ee.JPG,0,Grupo Guardianes de la Biodiversidad Campoalegruna GUBICA,32c0147f-1967-4644-b107-8133ae1f020a,Mammalia,Rodentia,Cuniculidae,Cuniculus,paca,Spotted Paca,,2023-10-25 14:22:28,1,,,,,,,false,,,CC-BY-NC
2006900,DCT_GUBICA_GUBICA1,eb22cee9-b179-40c7-b390-be3f038e2c0a,10250029.JPG,gs://145625598251_2006900_944_grupo_gubica__main/deployment/2265884/prod/directUpload/eb22cee9-b179-40c7-b390-be3f038e2c0a.JPG,0,Grupo Guardianes de la Biodiversidad Campoalegruna GUBICA,32c0147f-1967-4644-b107-8133ae1f020a,Mammalia,Rodentia,Cuniculidae,Cuniculus,paca,Spotted Paca,,2023-10-25 14:22:48,1,,,,,,,false,,,CC-BY-NC
2006900,DCT_GUBICA_GUBICA1,17ee3e3b-c2df-486e-93bb-e55d9ca94be5,10250030.JPG,gs://145625598251_2006900_944_grupo_gubica__main/deployment/2265884/prod/directUpload/17ee3e3b-c2df-486e-93bb-e55d9ca94be5.JPG,0,Grupo Guardianes de la Biodiversidad Campoalegruna GUBICA,32c0147f-1967-4644-b107-8133ae1f020a,Mammalia,Rodentia,Cuniculidae,Cuniculus,paca,Spotted Paca,,2023-10-25 14:22:48,1,,,,,,,false,,,CC-BY-NC
2006900,DCT_GUBICA_GUBICA1,76b7f305-6b29-4f86-991b-81173edafaf1,10260033.JPG,gs://145625598251_2006900_944_grupo_gubica__main/deployment/2265884/prod/directUpload/76b7f305-6b29-4f86-991b-81173edafaf1.JPG,0,Grupo Guardianes de la Biodiversidad Campoalegruna GUBICA,07843615-e1fc-49d8-9821-fd1d7ff2e773,Mammalia,Cingulata,Dasypodidae,Dasypus,novemcinctus,Nine-banded Armadillo,,2023-10-26 09:56:04,1,,,,,,,false,,,CC-BY-NC
2006900,DCT_GUBICA_GUBICA1,a75743a7-3488-41f5-aefb-1be800c7bbd6,10260034.JPG,gs://145625598251_2006900_944_grupo_gubica__main/deployment/2265884/prod/directUpload/a75743a7-3488-41f5-aefb-1be800c7bbd6.JPG,0,Grupo Guardianes de la Biodiversidad Campoalegruna GUBICA,07843615-e1fc-49d8-9821-fd1d7ff2e773,Mammalia,Cingulata,Dasypodidae,Dasypus,novemcinctus,Nine-banded Armadillo,,2023-10-26 09:56:05,1,,,,,,,false,,,CC-BY-NC
2006900,DCT_GUBICA_GUBICA1,6795856c-4444-4d91-bf8c-7f545cae942d,10260035.JPG,gs://145625598251_2006900_944_grupo_gubica__main/deployment/2265884/prod/directUpload/6795856c-4444-4d91-bf8c-7f545cae942d.JPG,0,Grupo Guardianes de la Biodiversidad Campoalegruna GUBICA,07843615-e1fc-49d8-9821-fd1d7ff2e773,Mammalia,Cingulata,Dasypodidae,Dasypus,novemcinctus,Nine-banded Armadillo,,2023-10-26 09:56:06,1,,,,,,,false,,,CC-BY-NC
2006900,DCT_GUBICA_GUBICA1,c9dafc95-e11f-498b-9bd1-5b0b3fe90ddd,10260037.JPG,gs://145625598251_2006900_944_grupo_gubica__main/deployment/2265884/prod/directUpload/c9dafc95-e11f-498b-9bd1-5b0b3fe90ddd.JPG,0,Grupo Guardianes de la Biodiversidad Campoalegruna GUBICA,a0d09a27-59c6-4a31-8b67-e0a6ec8c49f9,Mammalia,Carnivora,Canidae,Cerdocyon,thous,Crab-eating Fox,,2023-10-26 11:03:12,1,,,,,,,false,,,CC-BY-NC
2006900,DCT_GUBICA_GUBICA1,402cccce-e022-48d6-9f5f-8cfdfc5d30a8,10260038.JPG,gs://145625598251_2006900_944_grupo_gubica__main/deployment/2265884/prod/directUpload/402cccce-e022-48d6-9f5f-8cfdfc5d30a8.JPG,0,Grupo Guardianes de la Biodiversidad Campoalegruna GUBICA,a0d09a27-59c6-4a31-8b67-e0a6ec8c49f9,Mammalia,Carnivora,Canidae,Cerdocyon,thous,Crab-eating Fox,,2023-10-26 11:03:13,1,,,,,,,false,,,CC-BY-NC
2006900,DCT_GUBICA_GUBICA4,7f90f428-3f03-4d6f-a7b7-5f2804523b70,11110059.JPG,gs://145625598251_2006900_944_grupo_gubica__main/deployment/2265867/prod/directUpload/7f90f428-3f03-4d6f-a7b7-5f2804523b70.JPG,0,Grupo Guardianes de la Biodiversidad Campoalegruna GUBICA,1c2f33a4-1387-4d76-b35e-b39c1e0dfdf4,Aves,Galliformes,Cracidae,Chamaepetes,,Chamaepetes Species,,2023-11-11 07:13:43,1,,,,,,,false,,,CC-BY-NC
2006900,DCT_GUBICA_GUBICA4,207b6f42-b502-4554-82e1-0a4c6a19ad7d,11110069.JPG,gs://145625598251_2006900_944_grupo_gubica__main/deployment/2265867/prod/directUpload/207b6f42-b502-4554-82e1-0a4c6a19ad7d.JPG,0,Grupo Guardianes de la Biodiversidad Campoalegruna GUBICA,1d3bbcaa-f81a-41d9-8904-5cc8a505af32,Mammalia,Carnivora,Procyonidae,Nasua,nasua,South American Coati,,2023-11-11 15:13:01,1,,,,,,,false,,,CC-BY-NC
2006900,DCT_GUBICA_GUBICA4,7865fdb4-dd24-4ac3-a7fe-ed1c4d65015d,11110070.JPG,gs://145625598251_2006900_944_grupo_gubica__main/deployment/2265867/prod/directUpload/7865fdb4-dd24-4ac3-a7fe-ed1c4d65015d.JPG,0,Grupo Guardianes de la Biodiversidad Campoalegruna GUBICA,1d3bbcaa-f81a-41d9-8904-5cc8a505af32,Mammalia,Carnivora,Procyonidae,Nasua,nasua,South American Coati,,2023-11-11 15:13:01,1,,,,,,,false,,,CC-BY-NC
2006900,DCT_GUBICA_GUBICA4,b5f98efe-8bd1-43fc-81a6-345b46ed9894,11110071.JPG,gs://145625598251_2006900_944_grupo_gubica__main/deployment/2265867/prod/directUpload/b5f98efe-8bd1-43fc-81a6-345b46ed9894.JPG,0,Grupo Guardianes de la Biodiversidad Campoalegruna GUBICA,1d3bbcaa-f81a-41d9-8904-5cc8a505af32,Mammalia,Carnivora,Procyonidae,Nasua,nasua,South American Coati,,2023-11-11 15:13:02,1,,,,,,,false,,,CC-BY-NC
2006900,DCT_GUBICA_GUBICA4,5557a6a9-fa0d-4a08-883a-912a0bfaec4f,11110073.JPG,gs://145625598251_2006900_944_grupo_gubica__main/deployment/2265867/prod/directUpload/5557a6a9-fa0d-4a08-883a-912a0bfaec4f.JPG,0,Grupo Guardianes de la Biodiversidad Campoalegruna GUBICA,1d3bbcaa-f81a-41d9-8904-5cc8a505af32,Mammalia,Carnivora,Procyonidae,Nasua,nasua,South American Coati,,2023-11-11 15:14:38,1,,,,,,,true,,,CC-BY-NC
2006900,DCT_GUBICA_GUBICA4,10a342fe-ce82-4325-98da-6cc7948bccce,11110074.JPG,gs://145625598251_2006900_944_grupo_gubica__main/deployment/2265867/prod/directUpload/10a342fe-ce82-4325-98da-6cc7948bccce.JPG,0,Grupo Guardianes de la Biodiversidad Campoalegruna GUBICA,1d3bbcaa-f81a-41d9-8904-5cc8a505af32,Mammalia,Carnivora,Procyonidae,Nasua,nasua,South American Coati,,2023-11-11 15:14:39,1,,,,,,,false,,,CC-BY-NC
2006900,DCT_GUBICA_GUBICA4,b3fca079-f1e5-4d6a-8b29-a255007bc232,11110075.JPG,gs://145625598251_2006900_944_grupo_gubica__main/deployment/2265867/prod/directUpload/b3fca079-f1e5-4d6a-8b29-a255007bc232.JPG,0,Grupo Guardianes de la Biodiversidad Campoalegruna GUBICA,1d3bbcaa-f81a-41d9-8904-5cc8a505af32,Mammalia,Carnivora,Procyonidae,Nasua,nasua,South American Coati,,2023-11-11 15:14:39,1,,,,,,,false,,,CC-BY-NC
2006900,DCT_GUBICA_GUBICA4,9cc8f3b3-6865-403b-8420-8f4f2a66a096,11110077.JPG,gs://145625598251_2006900_944_grupo_gubica__main/deployment/2265867/prod/directUpload/9cc8f3b3-6865-403b-8420-8f4f2a66a096.JPG,0,Grupo Guardianes de la Biodiversidad Campoalegruna GUBICA,1d3bbcaa-f81a-41d9-8904-5cc8a505af32,Mammalia,Carnivora,Procyonidae,Nasua,nasua,South American Coati,,2023-11-11 15:15:22,1,,,,,,,false,,,CC-BY-NC
2006900,DCT_GUBICA_GUBICA4,dfc1e7d0-1831-4fac-8ad6-0d58b8dc4a52,11110079.JPG,gs://145625598251_2006900_944_grupo_gubica__main/deployment/2265867/prod/directUpload/dfc1e7d0-1831-4fac-8ad6-0d58b8dc4a52.JPG,0,Grupo Guardianes de la Biodiversidad Campoalegruna GUBICA,1d3bbcaa-f81a-41d9-8904-5cc8a505af32,Mammalia,Carnivora,Procyonidae,Nasua,nasua,South American Coati,,2023-11-11 15:15:23,1,,,,,,,false,,,CC-BY-NC
2006900,DCT_GUBICA_GUBICA4,e77dc3b9-3872-4287-982a-347ebcb07e68,11130085.JPG,gs://145625598251_2006900_944_grupo_gubica__main/deployment/2265867/prod/directUpload/e77dc3b9-3872-4287-982a-347ebcb07e68.JPG,0,Grupo Guardianes de la Biodiversidad Campoalegruna GUBICA,835d96c3-25b2-4f68-a32c-48cc2bceb0f3,Aves,Struthioniformes,Tinamidae,Nothocercus,julius,Tawny-breasted Tinamou,,2023-11-13 12:44:28,1,,,,,,,false,,,CC-BY-NC
2006900,DCT_GUBICA_GUBICA4,93d16d93-877b-4190-b78f-15f0436db3eb,11130086.JPG,gs://145625598251_2006900_944_grupo_gubica__main/deployment/2265867/prod/directUpload/93d16d93-877b-4190-b78f-15f0436db3eb.JPG,0,Grupo Guardianes de la Biodiversidad Campoalegruna GUBICA,835d96c3-25b2-4f68-a32c-48cc2bceb0f3,Aves,Struthioniformes,Tinamidae,Nothocercus,julius,Tawny-breasted Tinamou,,2023-11-13 12:44:29,1,,,,,,,true,,,CC-BY-NC
2006900,DCT_GUBICA_GUBICA4,e7e59487-39d6-4ce8-8f8d-2ab2e9d2f4a6,11130087.JPG,gs://145625598251_2006900_944_grupo_gubica__main/deployment/2265867/prod/directUpload/e7e59487-39d6-4ce8-8f8d-2ab2e9d2f4a6.JPG,0,Grupo Guardianes de la Biodiversidad Campoalegruna GUBICA,835d96c3-25b2-4f68-a32c-48cc2bceb0f3,Aves,Struthioniformes,Tinamidae,Nothocercus,julius,Tawny-breasted Tinamou,,2023-11-13 12:44:30,1,,,,,,,false,,,CC-BY-NC
2006900,DCT_GUBICA_GUBICA4,9c4f9316-79d8-420b-8c69-ef5f6d751220,11140089.JPG,gs://145625598251_2006900_944_grupo_gubica__main/deployment/2265867/prod/directUpload/9c4f9316-79d8-420b-8c69-ef5f6d751220.JPG,0,Grupo Guardianes de la Biodiversidad Campoalegruna GUBICA,a0d09a27-59c6-4a31-8b67-e0a6ec8c49f9,Mammalia,Carnivora,Canidae,Cerdocyon,thous,Crab-eating Fox,,2023-11-14 05:41:05,1,,,,,,,false,,,CC-BY-NC
2006900,DCT_GUBICA_GUBICA4,6711cf9e-cd9f-466b-81e5-8713257c5bf5,11140090.JPG,gs://145625598251_2006900_944_grupo_gubica__main/deployment/2265867/prod/directUpload/6711cf9e-cd9f-466b-81e5-8713257c5bf5.JPG,0,Grupo Guardianes de la Biodiversidad Campoalegruna GUBICA,a0d09a27-59c6-4a31-8b67-e0a6ec8c49f9,Mammalia,Carnivora,Canidae,Cerdocyon,thous,Crab-eating Fox,,2023-11-14 05:41:06,1,,,,,,,false,,,CC-BY-NC
2006900,DCT_GUBICA_GUBICA4,8a7ce318-4811-4b3a-a89d-cab12dc42841,11140091.JPG,gs://145625598251_2006900_944_grupo_gubica__main/deployment/2265867/prod/directUpload/8a7ce318-4811-4b3a-a89d-cab12dc42841.JPG,0,Grupo Guardianes de la Biodiversidad Campoalegruna GUBICA,a0d09a27-59c6-4a31-8b67-e0a6ec8c49f9,Mammalia,Carnivora,Canidae,Cerdocyon,thous,Crab-eating Fox,,2023-11-14 05:41:07,1,,,,,,,false,,,CC-BY-NC
2006900,DCT_GUBICA_GUBICA4,a14bc680-fe96-4f5f-957a-e01070eb622d,11140093.JPG,gs://145625598251_2006900_944_grupo_gubica__main/deployment/2265867/prod/directUpload/a14bc680-fe96-4f5f-957a-e01070eb622d.JPG,0,Grupo Guardianes de la Biodiversidad Campoalegruna GUBICA,a0d09a27-59c6-4a31-8b67-e0a6ec8c49f9,Mammalia,Carnivora,Canidae,Cerdocyon,thous,Crab-eating Fox,,2023-11-14 05:41:27,1,,,,,,,true,,,CC-BY-NC
2006900,DCT_GUBICA_GUBICA4,0640b17a-ee61-4914-a177-acdf938bfb74,11140094.JPG,gs://145625598251_2006900_944_grupo_gubica__main/deployment/2265867/prod/directUpload/0640b17a-ee61-4914-a177-acdf938bfb74.JPG,0,Grupo Guardianes de la Biodiversidad Campoalegruna GUBICA,a0d09a27-59c6-4a31-8b67-e0a6ec8c49f9,Mammalia,Carnivora,Canidae,Cerdocyon,thous,Crab-eating Fox,,2023-11-14 05:41:28,1,,,,,,,false,,,CC-BY-NC
2006900,DCT_GUBICA_GUBICA4,0645b67c-b73e-4bf0-8bc1-8a4def7917bf,11140095.JPG,gs://145625598251_2006900_944_grupo_gubica__main/deployment/2265867/prod/directUpload/0645b67c-b73e-4bf0-8bc1-8a4def7917bf.JPG,0,Grupo Guardianes de la Biodiversidad Campoalegruna GUBICA,a0d09a27-59c6-4a31-8b67-e0a6ec8c49f9,Mammalia,Carnivora,Canidae,Cerdocyon,thous,Crab-eating Fox,,2023-11-14 05:41:29,1,,,,,,,false,,,CC-BY-NC
2006900,DCT_GUBICA_GUBICA4,fef67fb2-e50d-4c8c-9ef7-bc82fbd28191,11140103.JPG,gs://145625598251_2006900_944_grupo_gubica__main/deployment/2265867/prod/directUpload/fef67fb2-e50d-4c8c-9ef7-bc82fbd28191.JPG,0,Grupo Guardianes de la Biodiversidad Campoalegruna GUBICA,a0d09a27-59c6-4a31-8b67-e0a6ec8c49f9,Mammalia,Carnivora,Canidae,Cerdocyon,thous,Crab-eating Fox,,2023-11-14 05:42:20,1,,,,,,,false,,,CC-BY-NC
2006900,DCT_GUBICA_GUBICA4,b5c6e26c-8c71-408e-892a-219e8b312d8c,11140105.JPG,gs://145625598251_2006900_944_grupo_gubica__main/deployment/2265867/prod/directUpload/b5c6e26c-8c71-408e-892a-219e8b312d8c.JPG,0,Grupo Guardianes de la Biodiversidad Campoalegruna GUBICA,a0d09a27-59c6-4a31-8b67-e0a6ec8c49f9,Mammalia,Carnivora,Canidae,Cerdocyon,thous,Crab-eating Fox,,2023-11-14 05:42:45,1,,,,,,,false,,,CC-BY-NC
2006900,DCT_GUBICA_GUBICA4,44483a73-d502-46f8-8f19-1819b6b6712f,11140106.JPG,gs://145625598251_2006900_944_grupo_gubica__main/deployment/2265867/prod/directUpload/44483a73-d502-46f8-8f19-1819b6b6712f.JPG,0,Grupo Guardianes de la Biodiversidad Campoalegruna GUBICA,eeeb5d26-2a47-4d01-a3de-10b33ec0aee4,Mammalia,Carnivora,,,,Carnivorous Mammal,,2023-11-14 05:42:46,1,,,,,,,false,,,CC-BY-NC
2006900,DCT_GUBICA_GUBICA1,df083caf-18d1-495c-93ea-400224c88fb5,10260043.JPG,gs://145625598251_2006900_944_grupo_gubica__main/deployment/2265884/prod/directUpload/df083caf-18d1-495c-93ea-400224c88fb5.JPG,0,Grupo Guardianes de la Biodiversidad Campoalegruna GUBICA,32c0147f-1967-4644-b107-8133ae1f020a,Mammalia,Rodentia,Cuniculidae,Cuniculus,paca,Spotted Paca,,2023-10-26 13:53:12,1,,,,,,,false,,,CC-BY-NC
2006900,DCT_GUBICA_GUBICA1,560de69e-fb21-4cfb-b8cc-d73a39d0d158,11020169.JPG,gs://145625598251_2006900_944_grupo_gubica__main/deployment/2265884/prod/directUpload/560de69e-fb21-4cfb-b8cc-d73a39d0d158.JPG,0,Grupo Guardianes de la Biodiversidad Campoalegruna GUBICA,07843615-e1fc-49d8-9821-fd1d7ff2e773,Mammalia,Cingulata,Dasypodidae,Dasypus,novemcinctus,Nine-banded Armadillo,,2023-11-02 09:21:05,1,,,,,,,false,,,CC-BY-NC
2006900,DCT_GUBICA_GUBICA1,0ffabfe3-c0fe-4e3c-bbb7-f2ad9b36a526,11020170.JPG,gs://145625598251_2006900_944_grupo_gubica__main/deployment/2265884/prod/directUpload/0ffabfe3-c0fe-4e3c-bbb7-f2ad9b36a526.JPG,0,Grupo Guardianes de la Biodiversidad Campoalegruna GUBICA,07843615-e1fc-49d8-9821-fd1d7ff2e773,Mammalia,Cingulata,Dasypodidae,Dasypus,novemcinctus,Nine-banded Armadillo,,2023-11-02 09:21:05,1,,,,,,,false,,,CC-BY-NC
2006900,DCT_GUBICA_GUBICA1,e44cfb08-e18f-4961-8be5-f1353577aa62,11020171.JPG,gs://145625598251_2006900_944_grupo_gubica__main/deployment/2265884/prod/directUpload/e44cfb08-e18f-4961-8be5-f1353577aa62.JPG,0,Grupo Guardianes de la Biodiversidad Campoalegruna GUBICA,07843615-e1fc-49d8-9821-fd1d7ff2e773,Mammalia,Cingulata,Dasypodidae,Dasypus,novemcinctus,Nine-banded Armadillo,,2023-11-02 09:21:06,1,,,,,,,false,,,CC-BY-NC
2006900,DCT_GUBICA_GUBICA1,ceea4b15-05a2-4371-aa60-86c56644fa6f,11050177.JPG,gs://145625598251_2006900_944_grupo_gubica__main/deployment/2265884/prod/directUpload/ceea4b15-05a2-4371-aa60-86c56644fa6f.JPG,0,Grupo Guardianes de la Biodiversidad Campoalegruna GUBICA,32c0147f-1967-4644-b107-8133ae1f020a,Mammalia,Rodentia,Cuniculidae,Cuniculus,paca,Spotted Paca,,2023-11-05 12:19:17,1,,,,,,,false,,,CC-BY-NC
2006900,DCT_GUBICA_GUBICA1,dfec0957-7d49-41d5-9a89-d0d03dae1c15,11050178.JPG,gs://145625598251_2006900_944_grupo_gubica__main/deployment/2265884/prod/directUpload/dfec0957-7d49-41d5-9a89-d0d03dae1c15.JPG,0,Grupo Guardianes de la Biodiversidad Campoalegruna GUBICA,32c0147f-1967-4644-b107-8133ae1f020a,Mammalia,Rodentia,Cuniculidae,Cuniculus,paca,Spotted Paca,,2023-11-05 12:19:18,1,,,,,,,false,,,CC-BY-NC
2006900,DCT_GUBICA_GUBICA1,82fe1d61-e117-4107-ab78-94b1e8f4b222,11050179.JPG,gs://145625598251_2006900_944_grupo_gubica__main/deployment/2265884/prod/directUpload/82fe1d61-e117-4107-ab78-94b1e8f4b222.JPG,0,Grupo Guardianes de la Biodiversidad Campoalegruna GUBICA,32c0147f-1967-4644-b107-8133ae1f020a,Mammalia,Rodentia,Cuniculidae,Cuniculus,paca,Spotted Paca,,2023-11-05 12:19:19,1,,,,,,,false,,,CC-BY-NC
2006900,DCT_GUBICA_GUBICA1,5aed46bd-ec89-4f2a-b942-f18fd583a91a,11060181.JPG,gs://145625598251_2006900_944_grupo_gubica__main/deployment/2265884/prod/directUpload/5aed46bd-ec89-4f2a-b942-f18fd583a91a.JPG,0,Grupo Guardianes de la Biodiversidad Campoalegruna GUBICA,6d0d096e-79b8-4fbe-90e1-044e41e24c2c,Mammalia,Carnivora,Mustelidae,Eira,barbara,Tayra,,2023-11-06 18:21:51,1,,,,,,,false,,,CC-BY-NC
2006900,DCT_GUBICA_GUBICA4,e412815a-508d-40e2-9472-d3087a767bd8,11190130.JPG,gs://145625598251_2006900_944_grupo_gubica__main/deployment/2265867/prod/directUpload/e412815a-508d-40e2-9472-d3087a767bd8.JPG,0,Grupo Guardianes de la Biodiversidad Campoalegruna GUBICA,38e24c13-9a60-4c22-b550-b85730bc8f35,Aves,Accipitriformes,Accipitridae,Buteo,platypterus,Broad-winged Hawk,,2023-11-19 11:51:09,1,,,,,,,false,,,CC-BY-NC
2006900,DCT_GUBICA_GUBICA1,ef9095e8-a29a-41a8-9988-41e17f4a0e54,11070185.JPG,gs://145625598251_2006900_944_grupo_gubica__main/deployment/2265884/prod/directUpload/ef9095e8-a29a-41a8-9988-41e17f4a0e54.JPG,0,Grupo Guardianes de la Biodiversidad Campoalegruna GUBICA,32c0147f-1967-4644-b107-8133ae1f020a,Mammalia,Rodentia,Cuniculidae,Cuniculus,paca,Spotted Paca,,2023-11-07 07:40:38,1,,,,,,,false,,,CC-BY-NC
2006900,DCT_GUBICA_GUBICA1,5f71269a-9c48-4789-aa5c-a27aedac9f29,11070186.JPG,gs://145625598251_2006900_944_grupo_gubica__main/deployment/2265884/prod/directUpload/5f71269a-9c48-4789-aa5c-a27aedac9f29.JPG,0,Grupo Guardianes de la Biodiversidad Campoalegruna GUBICA,32c0147f-1967-4644-b107-8133ae1f020a,Mammalia,Rodentia,Cuniculidae,Cuniculus,paca,Spotted Paca,,2023-11-07 07:40:39,1,,,,,,,false,,,CC-BY-NC
2006900,DCT_GUBICA_GUBICA1,7f9afc2b-2961-488c-897e-577517ede130,11070187.JPG,gs://145625598251_2006900_944_grupo_gubica__main/deployment/2265884/prod/directUpload/7f9afc2b-2961-488c-897e-577517ede130.JPG,0,Grupo Guardianes de la Biodiversidad Campoalegruna GUBICA,32c0147f-1967-4644-b107-8133ae1f020a,Mammalia,Rodentia,Cuniculidae,Cuniculus,paca,Spotted Paca,,2023-11-07 07:40:40,1,,,,,,,false,,,CC-BY-NC
2006900,DCT_GUBICA_GUBICA1,8e7dd2b6-347b-4ece-8a61-1abe2280e267,11070191.JPG,gs://145625598251_2006900_944_grupo_gubica__main/deployment/2265884/prod/directUpload/8e7dd2b6-347b-4ece-8a61-1abe2280e267.JPG,0,Grupo Guardianes de la Biodiversidad Campoalegruna GUBICA,32c0147f-1967-4644-b107-8133ae1f020a,Mammalia,Rodentia,Cuniculidae,Cuniculus,paca,Spotted Paca,,2023-11-07 08:49:34,1,,,,,,,false,,,CC-BY-NC
2006900,DCT_GUBICA_GUBICA1,314cd1a5-d443-4319-bf61-a0947cab975e,11090198.JPG,gs://145625598251_2006900_944_grupo_gubica__main/deployment/2265884/prod/directUpload/314cd1a5-d443-4319-bf61-a0947cab975e.JPG,0,Grupo Guardianes de la Biodiversidad Campoalegruna GUBICA,32c0147f-1967-4644-b107-8133ae1f020a,Mammalia,Rodentia,Cuniculidae,Cuniculus,paca,Spotted Paca,,2023-11-09 14:01:19,1,,,,,,,false,,,CC-BY-NC
2006900,DCT_GUBICA_GUBICA1,8b219ae2-5fd0-4acb-9cc0-b067f83b793d,11090199.JPG,gs://145625598251_2006900_944_grupo_gubica__main/deployment/2265884/prod/directUpload/8b219ae2-5fd0-4acb-9cc0-b067f83b793d.JPG,0,Grupo Guardianes de la Biodiversidad Campoalegruna GUBICA,32c0147f-1967-4644-b107-8133ae1f020a,Mammalia,Rodentia,Cuniculidae,Cuniculus,paca,Spotted Paca,,2023-11-09 14:01:20,1,,,,,,,false,,,CC-BY-NC
2006900,DCT_GUBICA_GUBICA1,f3ca95ef-f3f0-4667-b009-a40059a7e475,11070189.JPG,gs://145625598251_2006900_944_grupo_gubica__main/deployment/2265884/prod/directUpload/f3ca95ef-f3f0-4667-b009-a40059a7e475.JPG,0,Grupo Guardianes de la Biodiversidad Campoalegruna GUBICA,07843615-e1fc-49d8-9821-fd1d7ff2e773,Mammalia,Cingulata,Dasypodidae,Dasypus,novemcinctus,Nine-banded Armadillo,,2023-11-07 08:49:33,1,,,,,,,false,,,CC-BY-NC
2006900,DCT_GUBICA_GUBICA1,d9b24fd0-ba7e-4b6c-802e-28757c96a8e2,11070190.JPG,gs://145625598251_2006900_944_grupo_gubica__main/deployment/2265884/prod/directUpload/d9b24fd0-ba7e-4b6c-802e-28757c96a8e2.JPG,0,Grupo Guardianes de la Biodiversidad Campoalegruna GUBICA,07843615-e1fc-49d8-9821-fd1d7ff2e773,Mammalia,Cingulata,Dasypodidae,Dasypus,novemcinctus,Nine-banded Armadillo,,2023-11-07 08:49:33,1,,,,,,,false,,,CC-BY-NC
2006900,DCT_GUBICA_GUBICA1,8f0f1514-0653-4f04-9de7-e1a6918e8a66,11100201.JPG,gs://145625598251_2006900_944_grupo_gubica__main/deployment/2265884/prod/directUpload/8f0f1514-0653-4f04-9de7-e1a6918e8a66.JPG,0,Grupo Guardianes de la Biodiversidad Campoalegruna GUBICA,07843615-e1fc-49d8-9821-fd1d7ff2e773,Mammalia,Cingulata,Dasypodidae,Dasypus,novemcinctus,Nine-banded Armadillo,,2023-11-10 06:49:09,1,,,,,,,false,,,CC-BY-NC
2006900,DCT_GUBICA_GUBICA1,cccee639-928b-4a23-9e80-9e0bfef8470f,11100202.JPG,gs://145625598251_2006900_944_grupo_gubica__main/deployment/2265884/prod/directUpload/cccee639-928b-4a23-9e80-9e0bfef8470f.JPG,0,Grupo Guardianes de la Biodiversidad Campoalegruna GUBICA,07843615-e1fc-49d8-9821-fd1d7ff2e773,Mammalia,Cingulata,Dasypodidae,Dasypus,novemcinctus,Nine-banded Armadillo,,2023-11-10 06:49:09,1,,,,,,,false,,,CC-BY-NC
2006900,DCT_GUBICA_GUBICA1,e11721eb-8ff9-4e2f-a207-b7d8dadbc42c,11100203.JPG,gs://145625598251_2006900_944_grupo_gubica__main/deployment/2265884/prod/directUpload/e11721eb-8ff9-4e2f-a207-b7d8dadbc42c.JPG,0,Grupo Guardianes de la Biodiversidad Campoalegruna GUBICA,07843615-e1fc-49d8-9821-fd1d7ff2e773,Mammalia,Cingulata,Dasypodidae,Dasypus,novemcinctus,Nine-banded Armadillo,,2023-11-10 06:49:10,1,,,,,,,false,,,CC-BY-NC
2006900,DCT_GUBICA_GUBICA1,94061153-4b1c-4594-8624-b6646f97bc4b,11100206.JPG,gs://145625598251_2006900_944_grupo_gubica__main/deployment/2265884/prod/directUpload/94061153-4b1c-4594-8624-b6646f97bc4b.JPG,0,Grupo Guardianes de la Biodiversidad Campoalegruna GUBICA,07843615-e1fc-49d8-9821-fd1d7ff2e773,Mammalia,Cingulata,Dasypodidae,Dasypus,novemcinctus,Nine-banded Armadillo,,2023-11-10 06:49:52,1,,,,,,,false,,,CC-BY-NC
2006900,DCT_GUBICA_GUBICA1,23181cc9-7be6-4b8e-b3bb-74c26f66e402,11100207.JPG,gs://145625598251_2006900_944_grupo_gubica__main/deployment/2265884/prod/directUpload/23181cc9-7be6-4b8e-b3bb-74c26f66e402.JPG,0,Grupo Guardianes de la Biodiversidad Campoalegruna GUBICA,07843615-e1fc-49d8-9821-fd1d7ff2e773,Mammalia,Cingulata,Dasypodidae,Dasypus,novemcinctus,Nine-banded Armadillo,,2023-11-10 06:49:52,1,,,,,,,false,,,CC-BY-NC
2006900,DCT_GUBICA_GUBICA1,f8a2653f-9aee-4555-9c0c-dc46fe0ffc11,11120218.JPG,gs://145625598251_2006900_944_grupo_gubica__main/deployment/2265884/prod/directUpload/f8a2653f-9aee-4555-9c0c-dc46fe0ffc11.JPG,0,Grupo Guardianes de la Biodiversidad Campoalegruna GUBICA,07843615-e1fc-49d8-9821-fd1d7ff2e773,Mammalia,Cingulata,Dasypodidae,Dasypus,novemcinctus,Nine-banded Armadillo,,2023-11-12 11:36:29,1,,,,,,,false,,,CC-BY-NC
2006900,DCT_GUBICA_GUBICA1,d394cb2a-e8c5-49cf-8391-e20c2cfc1f7b,11120219.JPG,gs://145625598251_2006900_944_grupo_gubica__main/deployment/2265884/prod/directUpload/d394cb2a-e8c5-49cf-8391-e20c2cfc1f7b.JPG,0,Grupo Guardianes de la Biodiversidad Campoalegruna GUBICA,07843615-e1fc-49d8-9821-fd1d7ff2e773,Mammalia,Cingulata,Dasypodidae,Dasypus,novemcinctus,Nine-banded Armadillo,,2023-11-12 11:36:30,1,,,,,,,false,,,CC-BY-NC
2006900,DCT_GUBICA_GUBICA1,a155bf6e-fc31-4b79-9d7c-75441deeb95b,11170221.JPG,gs://145625598251_2006900_944_grupo_gubica__main/deployment/2265884/prod/directUpload/a155bf6e-fc31-4b79-9d7c-75441deeb95b.JPG,0,Grupo Guardianes de la Biodiversidad Campoalegruna GUBICA,32c0147f-1967-4644-b107-8133ae1f020a,Mammalia,Rodentia,Cuniculidae,Cuniculus,paca,Spotted Paca,,2023-11-17 08:44:57,1,,,,,,,false,,,CC-BY-NC
2006900,DCT_GUBICA_GUBICA1,c71e21b4-571e-42be-ba08-063034b44d15,11170222.JPG,gs://145625598251_2006900_944_grupo_gubica__main/deployment/2265884/prod/directUpload/c71e21b4-571e-42be-ba08-063034b44d15.JPG,0,Grupo Guardianes de la Biodiversidad Campoalegruna GUBICA,32c0147f-1967-4644-b107-8133ae1f020a,Mammalia,Rodentia,Cuniculidae,Cuniculus,paca,Spotted Paca,,2023-11-17 08:44:58,1,,,,,,,false,,,CC-BY-NC
2006900,DCT_GUBICA_GUBICA1,756665d7-ea89-4673-a923-43e3238e09bf,11170223.JPG,gs://145625598251_2006900_944_grupo_gubica__main/deployment/2265884/prod/directUpload/756665d7-ea89-4673-a923-43e3238e09bf.JPG,0,Grupo Guardianes de la Biodiversidad Campoalegruna GUBICA,32c0147f-1967-4644-b107-8133ae1f020a,Mammalia,Rodentia,Cuniculidae,Cuniculus,paca,Spotted Paca,,2023-11-17 08:44:59,1,,,,,,,false,,,CC-BY-NC
2006900,DCT_GUBICA_GUBICA1,0e074041-8e09-45e7-86b8-1ea8029eb93e,11180225.JPG,gs://145625598251_2006900_944_grupo_gubica__main/deployment/2265884/prod/directUpload/0e074041-8e09-45e7-86b8-1ea8029eb93e.JPG,0,Grupo Guardianes de la Biodiversidad Campoalegruna GUBICA,527c9d88-4d7d-4406-add9-c0a823697926,Mammalia,Rodentia,Dasyproctidae,Dasyprocta,punctata,Central American Agouti,,2023-11-18 05:48:38,1,,,,,,,false,,,CC-BY-NC
2006900,DCT_GUBICA_GUBICA1,df295ca8-e052-4e98-8aca-37ddfdccd1ea,11180226.JPG,gs://145625598251_2006900_944_grupo_gubica__main/deployment/2265884/prod/directUpload/df295ca8-e052-4e98-8aca-37ddfdccd1ea.JPG,0,Grupo Guardianes de la Biodiversidad Campoalegruna GUBICA,527c9d88-4d7d-4406-add9-c0a823697926,Mammalia,Rodentia,Dasyproctidae,Dasyprocta,punctata,Central American Agouti,,2023-11-18 05:48:38,1,,,,,,,false,,,CC-BY-NC
2006900,DCT_GUBICA_GUBICA1,098d2720-fa19-4338-8ece-7c62853b3eef,11180227.JPG,gs://145625598251_2006900_944_grupo_gubica__main/deployment/2265884/prod/directUpload/098d2720-fa19-4338-8ece-7c62853b3eef.JPG,0,Grupo Guardianes de la Biodiversidad Campoalegruna GUBICA,527c9d88-4d7d-4406-add9-c0a823697926,Mammalia,Rodentia,Dasyproctidae,Dasyprocta,punctata,Central American Agouti,,2023-11-18 05:48:39,1,,,,,,,false,,,CC-BY-NC
2006900,DCT_GUBICA_GUBICA1,22619afe-5578-4b17-9546-814754da97bb,11180229.JPG,gs://145625598251_2006900_944_grupo_gubica__main/deployment/2265884/prod/directUpload/22619afe-5578-4b17-9546-814754da97bb.JPG,0,Grupo Guardianes de la Biodiversidad Campoalegruna GUBICA,32c0147f-1967-4644-b107-8133ae1f020a,Mammalia,Rodentia,Cuniculidae,Cuniculus,paca,Spotted Paca,,2023-11-18 10:39:37,1,,,,,,,false,,,CC-BY-NC
2006900,DCT_GUBICA_GUBICA1,dd42da57-166a-4b9e-9e8e-f215a3dcab02,11180230.JPG,gs://145625598251_2006900_944_grupo_gubica__main/deployment/2265884/prod/directUpload/dd42da57-166a-4b9e-9e8e-f215a3dcab02.JPG,0,Grupo Guardianes de la Biodiversidad Campoalegruna GUBICA,32c0147f-1967-4644-b107-8133ae1f020a,Mammalia,Rodentia,Cuniculidae,Cuniculus,paca,Spotted Paca,,2023-11-18 10:39:37,1,,,,,,,false,,,CC-BY-NC
2006900,DCT_GUBICA_GUBICA1,6c8e6f68-6d6e-4110-afac-88898e84da6f,11180231.JPG,gs://145625598251_2006900_944_grupo_gubica__main/deployment/2265884/prod/directUpload/6c8e6f68-6d6e-4110-afac-88898e84da6f.JPG,0,Grupo Guardianes de la Biodiversidad Campoalegruna GUBICA,32c0147f-1967-4644-b107-8133ae1f020a,Mammalia,Rodentia,Cuniculidae,Cuniculus,paca,Spotted Paca,,2023-11-18 10:39:38,1,,,,,,,false,,,CC-BY-NC
2006900,DCT_GUBICA_GUBICA1,a2567703-5c5c-4947-8330-76b7dbea19c7,11190233.JPG,gs://145625598251_2006900_944_grupo_gubica__main/deployment/2265884/prod/directUpload/a2567703-5c5c-4947-8330-76b7dbea19c7.JPG,0,Grupo Guardianes de la Biodiversidad Campoalegruna GUBICA,527c9d88-4d7d-4406-add9-c0a823697926,Mammalia,Rodentia,Dasyproctidae,Dasyprocta,punctata,Central American Agouti,,2023-11-19 04:58:13,1,,,,,,,false,,,CC-BY-NC
2006900,DCT_GUBICA_GUBICA1,380e78a3-33d2-4a4d-a076-23ce9b1b4527,11190234.JPG,gs://145625598251_2006900_944_grupo_gubica__main/deployment/2265884/prod/directUpload/380e78a3-33d2-4a4d-a076-23ce9b1b4527.JPG,0,Grupo Guardianes de la Biodiversidad Campoalegruna GUBICA,527c9d88-4d7d-4406-add9-c0a823697926,Mammalia,Rodentia,Dasyproctidae,Dasyprocta,punctata,Central American Agouti,,2023-11-19 04:58:14,1,,,,,,,false,,,CC-BY-NC
2006900,DCT_GUBICA_GUBICA1,36e68193-4b2c-49f7-a0e0-c8e90269a7b1,11190235.JPG,gs://145625598251_2006900_944_grupo_gubica__main/deployment/2265884/prod/directUpload/36e68193-4b2c-49f7-a0e0-c8e90269a7b1.JPG,0,Grupo Guardianes de la Biodiversidad Campoalegruna GUBICA,527c9d88-4d7d-4406-add9-c0a823697926,Mammalia,Rodentia,Dasyproctidae,Dasyprocta,punctata,Central American Agouti,,2023-11-19 04:58:15,1,,,,,,,false,,,CC-BY-NC
2006900,DCT_GUBICA_GUBICA1,8bdee59f-4f42-4097-ade2-6b7db8fc2fca,11190237.JPG,gs://145625598251_2006900_944_grupo_gubica__main/deployment/2265884/prod/directUpload/8bdee59f-4f42-4097-ade2-6b7db8fc2fca.JPG,0,Grupo Guardianes de la Biodiversidad Campoalegruna GUBICA,32c0147f-1967-4644-b107-8133ae1f020a,Mammalia,Rodentia,Cuniculidae,Cuniculus,paca,Spotted Paca,,2023-11-19 10:43:11,1,,,,,,,false,,,CC-BY-NC
2006900,DCT_GUBICA_GUBICA1,57821ddd-5d19-40ee-acad-c5d5ae9b2b14,11190238.JPG,gs://145625598251_2006900_944_grupo_gubica__main/deployment/2265884/prod/directUpload/57821ddd-5d19-40ee-acad-c5d5ae9b2b14.JPG,0,Grupo Guardianes de la Biodiversidad Campoalegruna GUBICA,32c0147f-1967-4644-b107-8133ae1f020a,Mammalia,Rodentia,Cuniculidae,Cuniculus,paca,Spotted Paca,,2023-11-19 10:43:12,1,,,,,,,false,,,CC-BY-NC
2006900,DCT_GUBICA_GUBICA1,2a62e1ad-317e-4ba3-9abd-1915fc95e5ac,11190239.JPG,gs://145625598251_2006900_944_grupo_gubica__main/deployment/2265884/prod/directUpload/2a62e1ad-317e-4ba3-9abd-1915fc95e5ac.JPG,0,Grupo Guardianes de la Biodiversidad Campoalegruna GUBICA,32c0147f-1967-4644-b107-8133ae1f020a,Mammalia,Rodentia,Cuniculidae,Cuniculus,paca,Spotted Paca,,2023-11-19 10:43:13,1,,,,,,,false,,,CC-BY-NC
2006900,DCT_GUBICA_GUBICA1,9645adc3-e7ae-435b-ad34-94fa840fa05d,11200241.JPG,gs://145625598251_2006900_944_grupo_gubica__main/deployment/2265884/prod/directUpload/9645adc3-e7ae-435b-ad34-94fa840fa05d.JPG,0,Grupo Guardianes de la Biodiversidad Campoalegruna GUBICA,6d0d096e-79b8-4fbe-90e1-044e41e24c2c,Mammalia,Carnivora,Mustelidae,Eira,barbara,Tayra,,2023-11-20 05:00:17,1,,,,,,,false,,,CC-BY-NC
2006900,DCT_GUBICA_GUBICA1,24d44f4d-1ba0-4932-b122-65573148f3a7,11200242.JPG,gs://145625598251_2006900_944_grupo_gubica__main/deployment/2265884/prod/directUpload/24d44f4d-1ba0-4932-b122-65573148f3a7.JPG,0,Grupo Guardianes de la Biodiversidad Campoalegruna GUBICA,6d0d096e-79b8-4fbe-90e1-044e41e24c2c,Mammalia,Carnivora,Mustelidae,Eira,barbara,Tayra,,2023-11-20 05:00:18,1,,,,,,,false,,,CC-BY-NC
2006900,DCT_GUBICA_GUBICA1,f665a3ba-72ed-4c87-9c20-2fca0b701f53,11200243.JPG,gs://145625598251_2006900_944_grupo_gubica__main/deployment/2265884/prod/directUpload/f665a3ba-72ed-4c87-9c20-2fca0b701f53.JPG,0,Grupo Guardianes de la Biodiversidad Campoalegruna GUBICA,6d0d096e-79b8-4fbe-90e1-044e41e24c2c,Mammalia,Carnivora,Mustelidae,Eira,barbara,Tayra,,2023-11-20 05:00:19,1,,,,,,,false,,,CC-BY-NC
2006900,DCT_GUBICA_GUBICA4,c4fac0f6-fb09-46df-bbeb-72bc2da0e1b1,11190133.JPG,gs://145625598251_2006900_944_grupo_gubica__main/deployment/2265867/prod/directUpload/c4fac0f6-fb09-46df-bbeb-72bc2da0e1b1.JPG,0,Grupo Guardianes de la Biodiversidad Campoalegruna GUBICA,1d3bbcaa-f81a-41d9-8904-5cc8a505af32,Mammalia,Carnivora,Procyonidae,Nasua,nasua,South American Coati,,2023-11-19 17:58:28,1,,,,,,,false,,,CC-BY-NC
2006900,DCT_GUBICA_GUBICA4,6190565a-9bd1-4efb-8a98-bb90e4c3ec9b,11190134.JPG,gs://145625598251_2006900_944_grupo_gubica__main/deployment/2265867/prod/directUpload/6190565a-9bd1-4efb-8a98-bb90e4c3ec9b.JPG,0,Grupo Guardianes de la Biodiversidad Campoalegruna GUBICA,1d3bbcaa-f81a-41d9-8904-5cc8a505af32,Mammalia,Carnivora,Procyonidae,Nasua,nasua,South American Coati,,2023-11-19 17:58:28,1,,,,,,,false,,,CC-BY-NC
2006900,DCT_GUBICA_GUBICA4,748d3b4e-ddef-451e-b0b7-b7743ac0a36c,11190135.JPG,gs://145625598251_2006900_944_grupo_gubica__main/deployment/2265867/prod/directUpload/748d3b4e-ddef-451e-b0b7-b7743ac0a36c.JPG,0,Grupo Guardianes de la Biodiversidad Campoalegruna GUBICA,1d3bbcaa-f81a-41d9-8904-5cc8a505af32,Mammalia,Carnivora,Procyonidae,Nasua,nasua,South American Coati,,2023-11-19 17:58:29,1,,,,,,,false,,,CC-BY-NC
2006900,DCT_GUBICA_GUBICA4,d3b06220-f6f8-4baa-a0e9-955fa1132951,11190137.JPG,gs://145625598251_2006900_944_grupo_gubica__main/deployment/2265867/prod/directUpload/d3b06220-f6f8-4baa-a0e9-955fa1132951.JPG,0,Grupo Guardianes de la Biodiversidad Campoalegruna GUBICA,1d3bbcaa-f81a-41d9-8904-5cc8a505af32,Mammalia,Carnivora,Procyonidae,Nasua,nasua,South American Coati,,2023-11-19 18:00:10,1,,,,,,,false,,,CC-BY-NC
2006900,DCT_GUBICA_GUBICA4,9c530919-1552-4659-925d-e46d082419e7,11190138.JPG,gs://145625598251_2006900_944_grupo_gubica__main/deployment/2265867/prod/directUpload/9c530919-1552-4659-925d-e46d082419e7.JPG,0,Grupo Guardianes de la Biodiversidad Campoalegruna GUBICA,1d3bbcaa-f81a-41d9-8904-5cc8a505af32,Mammalia,Carnivora,Procyonidae,Nasua,nasua,South American Coati,,2023-11-19 18:00:11,1,,,,,,,false,,,CC-BY-NC
2006900,DCT_GUBICA_GUBICA4,b0ab7e94-0839-4ab4-bc19-525b4a5db43b,11190139.JPG,gs://145625598251_2006900_944_grupo_gubica__main/deployment/2265867/prod/directUpload/b0ab7e94-0839-4ab4-bc19-525b4a5db43b.JPG,0,Grupo Guardianes de la Biodiversidad Campoalegruna GUBICA,bd335502-4199-4eff-8e5e-471d7fabf3eb,Mammalia,Carnivora,Procyonidae,,,Coati Family,,2023-11-19 18:00:12,1,,,,,,,false,,,CC-BY-NC
2006900,DCT_GUBICA_GUBICA4,3d917636-82ab-4bae-bab1-e7093986abe6,11250145.JPG,gs://145625598251_2006900_944_grupo_gubica__main/deployment/2265867/prod/directUpload/3d917636-82ab-4bae-bab1-e7093986abe6.JPG,0,Grupo Guardianes de la Biodiversidad Campoalegruna GUBICA,a0d09a27-59c6-4a31-8b67-e0a6ec8c49f9,Mammalia,Carnivora,Canidae,Cerdocyon,thous,Crab-eating Fox,,2023-11-25 06:06:55,1,,,,,,,false,,,CC-BY-NC
2006900,DCT_GUBICA_GUBICA4,9d104f60-f4ef-4d45-bd29-0eba35675ffd,11250149.JPG,gs://145625598251_2006900_944_grupo_gubica__main/deployment/2265867/prod/directUpload/9d104f60-f4ef-4d45-bd29-0eba35675ffd.JPG,0,Grupo Guardianes de la Biodiversidad Campoalegruna GUBICA,a0d09a27-59c6-4a31-8b67-e0a6ec8c49f9,Mammalia,Carnivora,Canidae,Cerdocyon,thous,Crab-eating Fox,,2023-11-25 06:11:38,1,,,,,,,false,,,CC-BY-NC
2006900,DCT_GUBICA_GUBICA4,f7de3d2a-3c46-497c-9815-e5707c62e60b,11250150.JPG,gs://145625598251_2006900_944_grupo_gubica__main/deployment/2265867/prod/directUpload/f7de3d2a-3c46-497c-9815-e5707c62e60b.JPG,0,Grupo Guardianes de la Biodiversidad Campoalegruna GUBICA,a0d09a27-59c6-4a31-8b67-e0a6ec8c49f9,Mammalia,Carnivora,Canidae,Cerdocyon,thous,Crab-eating Fox,,2023-11-25 06:11:39,1,,,,,,,false,,,CC-BY-NC
2006900,DCT_GUBICA_GUBICA4,cc8933a7-5f5c-4314-95d4-1ebef0e4b2dd,11250151.JPG,gs://145625598251_2006900_944_grupo_gubica__main/deployment/2265867/prod/directUpload/cc8933a7-5f5c-4314-95d4-1ebef0e4b2dd.JPG,0,Grupo Guardianes de la Biodiversidad Campoalegruna GUBICA,a0d09a27-59c6-4a31-8b67-e0a6ec8c49f9,Mammalia,Carnivora,Canidae,Cerdocyon,thous,Crab-eating Fox,,2023-11-25 06:11:40,1,,,,,,,false,,,CC-BY-NC
2006900,DCT_GUBICA_GUBICA4,486f379f-ea80-4c06-9f35-64e18dfd084a,11250153.JPG,gs://145625598251_2006900_944_grupo_gubica__main/deployment/2265867/prod/directUpload/486f379f-ea80-4c06-9f35-64e18dfd084a.JPG,0,Grupo Guardianes de la Biodiversidad Campoalegruna GUBICA,a0d09a27-59c6-4a31-8b67-e0a6ec8c49f9,Mammalia,Carnivora,Canidae,Cerdocyon,thous,Crab-eating Fox,,2023-11-25 06:11:58,1,,,,,,,false,,,CC-BY-NC
2006900,DCT_GUBICA_GUBICA4,a5e01193-1963-4609-bf9f-68820ba68835,11250154.JPG,gs://145625598251_2006900_944_grupo_gubica__main/deployment/2265867/prod/directUpload/a5e01193-1963-4609-bf9f-68820ba68835.JPG,0,Grupo Guardianes de la Biodiversidad Campoalegruna GUBICA,a0d09a27-59c6-4a31-8b67-e0a6ec8c49f9,Mammalia,Carnivora,Canidae,Cerdocyon,thous,Crab-eating Fox,,2023-11-25 06:11:58,1,,,,,,,false,,,CC-BY-NC
2006900,DCT_GUBICA_GUBICA4,aa0d64f4-a612-4c84-8f3f-e609d3f359e1,11250155.JPG,gs://145625598251_2006900_944_grupo_gubica__main/deployment/2265867/prod/directUpload/aa0d64f4-a612-4c84-8f3f-e609d3f359e1.JPG,0,Grupo Guardianes de la Biodiversidad Campoalegruna GUBICA,a0d09a27-59c6-4a31-8b67-e0a6ec8c49f9,Mammalia,Carnivora,Canidae,Cerdocyon,thous,Crab-eating Fox,,2023-11-25 06:11:59,1,,,,,,,false,,,CC-BY-NC
2006900,DCT_GUBICA_GUBICA4,f81490f2-cd0e-496b-84bc-63b47be54f53,11250157.JPG,gs://145625598251_2006900_944_grupo_gubica__main/deployment/2265867/prod/directUpload/f81490f2-cd0e-496b-84bc-63b47be54f53.JPG,0,Grupo Guardianes de la Biodiversidad Campoalegruna GUBICA,6d0bbf09-3e44-4ead-9b18-795cad5268e7,Mammalia,Cetartiodactyla,Cervidae,Mazama,rufina,Dwarf Red Brocket,,2023-11-25 16:55:07,1,,,,,,,false,,,CC-BY-NC
2006900,DCT_GUBICA_GUBICA4,7faaf9a0-f8ab-4955-9d29-e8f5aaaf5c0e,11250158.JPG,gs://145625598251_2006900_944_grupo_gubica__main/deployment/2265867/prod/directUpload/7faaf9a0-f8ab-4955-9d29-e8f5aaaf5c0e.JPG,0,Grupo Guardianes de la Biodiversidad Campoalegruna GUBICA,6d0bbf09-3e44-4ead-9b18-795cad5268e7,Mammalia,Cetartiodactyla,Cervidae,Mazama,rufina,Dwarf Red Brocket,,2023-11-25 16:55:07,1,,,,,,,true,,,CC-BY-NC
2006900,DCT_GUBICA_GUBICA4,9fae248f-5b34-4b48-b386-ea4fac41d5dc,11250159.JPG,gs://145625598251_2006900_944_grupo_gubica__main/deployment/2265867/prod/directUpload/9fae248f-5b34-4b48-b386-ea4fac41d5dc.JPG,0,Grupo Guardianes de la Biodiversidad Campoalegruna GUBICA,6d0bbf09-3e44-4ead-9b18-795cad5268e7,Mammalia,Cetartiodactyla,Cervidae,Mazama,rufina,Dwarf Red Brocket,,2023-11-25 16:55:08,1,,,,,,,false,,,CC-BY-NC
2006900,DCT_GUBICA_GUBICA4,d3662d94-6a9c-4647-9192-37f02717040a,11300169.JPG,gs://145625598251_2006900_944_grupo_gubica__main/deployment/2265867/prod/directUpload/d3662d94-6a9c-4647-9192-37f02717040a.JPG,0,Grupo Guardianes de la Biodiversidad Campoalegruna GUBICA,0b62f436-aced-4b92-ad12-4700b7185c79,Aves,Passeriformes,,,,Passeriformes Order,,2023-11-30 08:52:50,1,,,,,,,false,,,CC-BY-NC
2006900,DCT_GUBICA_GUBICA4,6f403a00-7aa3-4479-b796-b3ab6e4f6301,11300170.JPG,gs://145625598251_2006900_944_grupo_gubica__main/deployment/2265867/prod/directUpload/6f403a00-7aa3-4479-b796-b3ab6e4f6301.JPG,0,Grupo Guardianes de la Biodiversidad Campoalegruna GUBICA,0b62f436-aced-4b92-ad12-4700b7185c79,Aves,Passeriformes,,,,Passeriformes Order,,2023-11-30 08:52:51,1,,,,,,,false,,,CC-BY-NC
2006900,DCT_GUBICA_GUBICA4,1f162078-9a9b-4a59-9011-1d9586492cf6,11300171.JPG,gs://145625598251_2006900_944_grupo_gubica__main/deployment/2265867/prod/directUpload/1f162078-9a9b-4a59-9011-1d9586492cf6.JPG,0,Grupo Guardianes de la Biodiversidad Campoalegruna GUBICA,0b62f436-aced-4b92-ad12-4700b7185c79,Aves,Passeriformes,,,,Passeriformes Order,,2023-11-30 08:52:52,1,,,,,,,false,,,CC-BY-NC
2006900,DCT_GUBICA_GUBICA4,e49a608d-7709-4f02-a2b5-f8b0a842238c,12050205.JPG,gs://145625598251_2006900_944_grupo_gubica__main/deployment/2265867/prod/directUpload/e49a608d-7709-4f02-a2b5-f8b0a842238c.JPG,0,Grupo Guardianes de la Biodiversidad Campoalegruna GUBICA,5d9af1bc-31b6-4d61-8e2e-a9875a537e5d,Aves,Passeriformes,Tyrannidae,Mionectes,,Mionectes Species,,2023-12-05 09:30:57,1,,,,,,,false,,,CC-BY-NC
2006900,DCT_GUBICA_GUBICA4,9567b4ca-d2d6-4945-b42d-add122313a60,12050206.JPG,gs://145625598251_2006900_944_grupo_gubica__main/deployment/2265867/prod/directUpload/9567b4ca-d2d6-4945-b42d-add122313a60.JPG,0,Grupo Guardianes de la Biodiversidad Campoalegruna GUBICA,5d9af1bc-31b6-4d61-8e2e-a9875a537e5d,Aves,Passeriformes,Tyrannidae,Mionectes,,Mionectes Species,,2023-12-05 09:30:58,1,,,,,,,false,,,CC-BY-NC
2006900,DCT_GUBICA_GUBICA4,d7bc9c9f-2c1a-4e6a-9a13-155cb8d3b0a8,12050207.JPG,gs://145625598251_2006900_944_grupo_gubica__main/deployment/2265867/prod/directUpload/d7bc9c9f-2c1a-4e6a-9a13-155cb8d3b0a8.JPG,0,Grupo Guardianes de la Biodiversidad Campoalegruna GUBICA,5d9af1bc-31b6-4d61-8e2e-a9875a537e5d,Aves,Passeriformes,Tyrannidae,Mionectes,,Mionectes Species,,2023-12-05 09:30:59,1,,,,,,,false,,,CC-BY-NC
2006900,DCT_GUBICA_GUBICA4,d2a711d6-02c5-412a-ae70-27149460a850,12050209.JPG,gs://145625598251_2006900_944_grupo_gubica__main/deployment/2265867/prod/directUpload/d2a711d6-02c5-412a-ae70-27149460a850.JPG,0,Grupo Guardianes de la Biodiversidad Campoalegruna GUBICA,5d9af1bc-31b6-4d61-8e2e-a9875a537e5d,Aves,Passeriformes,Tyrannidae,Mionectes,,Mionectes Species,,2023-12-05 09:58:16,1,,,,,,,false,,,CC-BY-NC
2006900,DCT_GUBICA_GUBICA4,4e13ddc3-0c62-40b8-954b-998bf908877d,12050210.JPG,gs://145625598251_2006900_944_grupo_gubica__main/deployment/2265867/prod/directUpload/4e13ddc3-0c62-40b8-954b-998bf908877d.JPG,0,Grupo Guardianes de la Biodiversidad Campoalegruna GUBICA,5d9af1bc-31b6-4d61-8e2e-a9875a537e5d,Aves,Passeriformes,Tyrannidae,Mionectes,,Mionectes Species,,2023-12-05 09:58:17,1,,,,,,,false,,,CC-BY-NC
2006900,DCT_GUBICA_GUBICA4,d8fe48ac-37c6-4b63-94f8-f40788c4fafb,12050211.JPG,gs://145625598251_2006900_944_grupo_gubica__main/deployment/2265867/prod/directUpload/d8fe48ac-37c6-4b63-94f8-f40788c4fafb.JPG,0,Grupo Guardianes de la Biodiversidad Campoalegruna GUBICA,5d9af1bc-31b6-4d61-8e2e-a9875a537e5d,Aves,Passeriformes,Tyrannidae,Mionectes,,Mionectes Species,,2023-12-05 09:58:18,1,,,,,,,false,,,CC-BY-NC